SMILES,Ered_ag,syba
CCCNc1c2c(c(C)c3nsnc13)C1CCC2C1,-2.67,14.560246268214565
CCC(C)N(C)CCc1c2c(cc3nsnc13)C1CCC2C1,-2.6500000000000004,6.209305083167806
CCCNc1c2c(c(CC(C)C)c3nsnc13)C1CCC2C1,-2.64,26.476653256422605
CCN(C)c1c2c(c(N(C)CC)c3nsnc13)C1CCC2C1,-2.5700000000000003,7.264175924258412
CCOCCc1c2c(c(CC)c3nsnc13)C1CCC2C1,-2.5700000000000003,18.011467684067807
