SMILES,Ered_ag,syba
COc1cc2nsnc2c(NC(C)C)c1C,-2.78,36.67433526918464
CCN1CC(C)c2c1cc1nsnc1c2C,-2.66,-0.8129000299754474
CNc1c2c(cc3nsnc13)N(C)CC2C,-2.66,-1.9289742586529284
CCNc1c2c(cc3nsnc13)OC(C)C2,-2.66,4.642370728540765
CCC1Cc2c(cc3nsnc3c2C)N1C,-2.6500000000000004,0.3601165852967474
